"","ID","F100","F101","F102","F103","F104","F105","F106","F107","F108","F109","F110","F111","F112","F113","F114","F115","F116","F117","F118","F200","F201","F202","F203","F204","F205","F206","F207","F208","F209","F210","F211","F300","F400","F401","F402","F403","F500","F501","F502","F503","F504","F505","F506","F507","F508","F509","F510","F511","F512","F513","F514","F515","F516","F517","F518","F519","F520","F521","F600","F601","F602","F603"
"1",405,4,4,0,0,1,93,2,32,17,12,3,2,3,16,6,0,8,1,1,7,1234,1234,0,1229,113,1229,1,1,1,1,1,4,10,0,1,1,8,4,1,120,210,120,120,210,120,0,210,120,1,169,16,21,5031,776,293,250,101,108,75,0.00666666666666667,0.833333333333333,1.28
"2",406,4,4,0,0,1,68,6,37,0,6,1,3,2,7,6,0,6,0,0,1,444,444,0,884,36,884,1,1,1,1,1,2,5,0,0,1,9,6,1,0,180,60,0,180,60,0,180,60,27,270,4,4,5616,4712,166,147,97,107,34.2105263157895,0,0.763157894736842,1.36842105263158
"3",407,6,4,0,0,1,96,10,42,17,9,2,0,3,12,1,0,4,1,1,1,719,719,0,1601,96,1601,1,1,1,1,1,3,2,0,1,1,10,2,1,30,30,30,30,30,30,0,30,0,11,156,3,3,23326,17987,517,393,517,393,75,0.02,0.826666666666667,1.37333333333333
"4",408,5,4,0,0,1,64,8,23,8,10,2,4,3,5,1,0,6,1,1,7,250,250,0,1070,40,1070,1,1,1,1,1,1,4,0,1,1,20,2,1,31,31,31,31,31,31,0,31,31,29,313,4,5,5249,3934,102,76,102,76,75,0,0.626666666666667,1.53333333333333
"5",409,4,4,0,0,1,70,2,20,16,6,2,3,4,12,5,0,6,1,1,1,706,706,0,1254,43,1254,1,1,1,1,1,2,4,2,1,1,28,1,1,60,300,0,60,300,0,60,300,0,2,70,0,2,7700,4382,84,85,11,17,75,0,0.74,1.55333333333333
"6",410,5,4,0,0,1,120,10,46,27,11,2,4,5,14,1,0,4,1,1,1,1410,1410,0,1622,118,1622,1,1,1,1,1,2,8,0,1,1,9,3,1,30,30,30,30,30,30,0,30,30,12,136,24,8,28896,21762,453,467,453,467,75,0,0.586666666666667,1.72
"7",411,4,4,0,0,1,75,13,10,24,6,3,2,3,8,6,0,5,1,1,1,846,846,0,1157,34,1157,1,1,1,1,1,2,4,0,1,1,10,3,1,210,120,60,210,120,60,210,120,60,8,256,0,0,3244,2337,171,102,119,80,75,0.00666666666666667,0.693333333333333,1.61333333333333
"8",412,4,4,0,0,1,72,5,30,6,7,4,2,4,13,1,0,6,1,1,1,640,640,0,1970,100,1970,1,1,1,1,1,2,4,0,1,1,10,10,1,1,5,2,0,5,2,0,5,2,1,10,3,0,254,140,63,38,63,38,75,0,0.826666666666667,1.66
"9",413,6,4,0,0,1,120,8,40,18,13,7,6,8,17,3,0,6,0,0,1,3058,1600,0,900,95,900,1,1,1,1,1,2,6,0,1,1,1,2,1,30,50,20,30,50,20,30,50,20,14,133,24,20,4491,3755,230,169,195,158,75,0.00666666666666667,0.846666666666667,1.39333333333333
"10",414,5,4,0,0,1,75,6,35,0,10,2,3,4,10,5,0,5,0,0,1,1343,681,662,645,98,645,1,1,1,1,1,2,1,0,1,1,10,7,1,0,270,0,0,270,0,0,270,0,11,110,5,4,5886,3119,103,66,103,66,67.5864661654135,0.0075187969924812,0.541353383458647,1.52631578947368
"11",415,5,4,0,0,1,80,9,37,6,7,2,4,4,10,1,0,5,0,0,1,750,750,0,1024,16,1024,1,1,1,1,1,2,2,0,1,1,20,30,1,25,0,28,20,0,23,20,0,25,20,85,4,6,5157,2470,362,324,49,33,75,0.0733333333333333,1.24,1.38
"12",416,5,4,0,0,1,95,5,36,4,10,2,4,3,8,12,11,4,0,0,8,580,580,0,690,99,690,1,1,1,1,1,2,21,0,1,1,1,3,1,4,8,3,4,8,3,4,8,0,55,2397,25,31,642,583,249,264,173,93,75,0,0.453333333333333,1.60666666666667
"13",417,6,5,0,0,0,82,5,30,8,14,4,8,4,8,1,0,5,0,0,1,500,470,30,898,22,898,1,1,1,1,1,20,5,0,1,1,10,1,1,4,7,2,4,7,2,4,7,2,28,286,30,22,19839,16238,196,296,103,295,75,0.0266666666666667,0.833333333333333,1.54
"14",418,4,4,0,0,1,110,2,33,21,22,5,7,7,7,6,0,4,0,0,7,540,420,120,450,46,450,1,1,1,1,1,2,4,0,1,1,12,4,1,2,2,1,2,2,1,2,2,0,20,150,37,41,886,694,441,448,191,199,89.2857142857143,0.0114285714285714,0.651428571428571,1.34857142857143
"15",419,6,4,0,0,1,84,5,26,16,12,2,7,3,10,3,0,7,1,2,8,6129,2907,492,802,25,802,1,1,1,1,1,2,5,0,1,1,10,3,1,90,180,0,90,180,0,0,18,0,330,3330,33,34,2072,4580,315,362,164,145,75,0.02,1.02666666666667,1.29333333333333
"16",420,4,4,0,0,1,75,5,25,16,10,4,3,2,8,2,0,6,1,1,2,1507,1507,0,2477,55,2477,1,1,1,1,1,2,5,0,1,1,9,3,1,30,30,0,0,30,0,0,30,0,8,80,1,7,89838,45776,310,346,245,307,75,0.00666666666666667,0.72,1.64666666666667
"17",421,6,4,0,0,1,115,4,54,15,10,4,6,5,10,6,1,7,1,2,1,1050,1050,0,2300,49,2300,1,1,1,1,1,1,2,0,1,1,9,3,1,30,30,50,30,30,50,30,30,50,15,158,7,13,17570,18291,199,137,155,89,75,0.00666666666666667,0.8,1.48
"18",422,6,4,0,0,2,104,8,46,3,17,3,10,3,9,5,0,7,0,0,1,1040,1040,0,838,44,838,1,1,1,1,1,2,2,0,1,1,14,6,1,60,210,90,0,210,90,0,210,90,69,0,13,21,5012,4112,330,265,307,236,75,0.0333333333333333,0.94,1.36
"19",423,6,4,0,0,1,79,5,31,5,12,4,5,3,8,6,0,6,1,1,10,500,500,0,603,21,603,1,1,1,1,1,2,5,0,1,1,10,3,1,30,150,120,0,150,120,0,150,0,29,0,25,22,19239,12743,209,271,141,213,75,0.0133333333333333,1.26,1.19333333333333
"20",424,5,4,0,0,1,88,9,35,2,9,2,8,3,11,4,5,7,0,0,9,288,288,0,562,7,562,1,1,1,1,1,1,1,0,1,1,3,3,1,30,210,30,0,210,0,0,210,0,38,468,14,12,5543,4264,114,88,111,82,63.9752066115703,0.00826446280991736,1.09917355371901,1.33057851239669
"21",425,5,4,0,0,2,69,6,17,15,9,2,4,2,6,1,7,8,1,2,1,1031,901,0,528,43,528,1,1,1,1,1,2,2,0,0,1,18,6,1,30,30,0,30,30,0,30,30,0,27,442,6,10,282,430,237,254,109,137,75,0.0133333333333333,0.726666666666667,1.60666666666667
"22",426,5,4,0,0,1,69,5,31,7,6,2,6,2,6,4,0,4,1,1,9,560,560,0,337,21,337,1,1,1,1,1,2,3,0,0,1,10,0,1,0,30,30,30,30,30,30,30,30,27,0,10,4,20208,9120,171,172,143,143,67.955223880597,0,0.947761194029851,1.23880597014925
"23",427,6,4,0,0,3,103,6,42,13,12,6,7,2,9,6,0,7,0,0,1,831,831,0,710,80,710,1,1,1,1,1,1,5,0,1,1,10,0,1,22,30,30,0,30,30,0,30,30,40,410,5,9,1529,2860,61,276,61,257,75,0,0.813333333333333,1.51333333333333
"24",428,6,4,0,0,3,97,7,44,8,8,4,3,2,14,1,6,6,1,1,8,2000,540,1460,773,20,773,1,1,1,1,1,1,3,0,1,1,30,4,1,30,30,0,30,30,0,0,30,0,0,0,11,3,24676,17390,353,361,353,361,75,0.0133333333333333,0.74,1.46666666666667
"25",429,6,4,0,0,1,136,17,35,43,10,5,5,3,12,6,0,8,1,2,9,1000,1000,0,1570,39,1570,1,1,1,1,1,2,2,1,1,1,10,3,1,30,30,30,30,30,0,0,30,30,51,541,11,28,15147,15085,216,398,153,348,75,0.00666666666666667,0.64,1.56666666666667
"26",430,4,4,0,0,3,63,5,24,13,7,3,2,3,5,1,0,5,1,1,7,10738,1014,0,1014,39,1014,1,1,1,1,1,1,2,0,1,1,9,3,1,90,180,30,0,180,30,0,180,30,1,36,12,0,15166,13377,92,89,69,60,71.2253521126761,0.0211267605633803,0.866197183098592,1.14084507042254
"27",431,5,4,0,0,1,72,10,24,5,7,4,0,3,12,5,2,7,1,2,1,1160,1160,0,634,22,634,1,1,1,1,1,2,3,0,1,1,10,10,1,60,180,0,60,180,0,0,180,0,27,0,15,16,18831,18383,339,263,231,194,75,0.0133333333333333,1.36666666666667,1.17333333333333
"28",432,5,4,0,0,1,84,15,38,4,12,2,6,2,4,1,0,5,1,2,1,4200,1083,0,1083,45,1083,1,1,1,1,1,2,6,0,1,1,4,20,1,2,30,30,2,30,30,0,30,0,1,369,12,25,14792,7894,371,371,109,130,75,0.0133333333333333,0.96,1.12666666666667
"29",433,5,4,0,0,2,120,7,57,16,15,3,3,3,15,1,0,6,1,2,1,1743,1743,0,600,17,600,1,1,1,1,1,2,4,0,1,1,5,4,1,7,18,6,7,18,6,7,18,6,45,450,65,30,87905,65045,471,466,178,114,75,0.00666666666666667,1.1,1.02666666666667
"30",434,5,4,0,0,1,85,6,28,14,6,3,3,2,22,1,0,8,1,2,1,2100,2100,0,1000,20,1000,1,1,1,1,1,2,3,0,1,1,10,3,1,5,6,2,5,6,2,5,6,2,26,262,15,13,35019,27264,2447,1904,1048,823,72.125,0,0.534722222222222,1.56944444444444
"31",435,6,4,0,0,1,91,4,43,0,12,3,9,2,12,6,0,6,0,0,10,320,320,0,885,51,885,1,1,1,1,1,1,3,0,1,1,10,10,1,0,210,0,0,210,0,0,210,0,68,0,18,21,1235,992,519,331,241,193,75,0.02,0.906666666666667,1.4
"32",436,3,4,0,0,2,63,4,31,6,5,2,2,2,10,1,0,6,1,1,1,449,449,0,762,40,762,1,1,1,1,1,3,4,0,1,1,10,2,1,30,0,210,0,0,0,0,0,0,17,187,2,14,40239,14629,231,188,194,178,62.6363636363636,0,0.898989898989899,1.38383838383838
"33",437,5,4,0,0,1,42,4,18,5,5,2,2,1,4,1,0,6,1,1,2,314,314,0,366,19,366,1,1,1,1,1,2,1,0,1,1,11,3,1,60,120,30,60,120,30,0,120,0,10,115,4,3,614,121,86,86,43,50,23.8,0,1.05714285714286,1.17142857142857
"34",438,5,4,0,0,2,61,2,28,9,9,2,3,1,6,1,0,6,0,0,1,487,487,0,635,53,635,1,1,1,1,1,2,3,0,1,1,10,3,1,30,180,30,30,180,30,0,180,0,27,270,1,9,30099,21731,295,269,142,166,75,0.0133333333333333,0.84,1.48
"35",439,4,4,0,0,2,64,10,18,13,10,2,3,5,2,1,0,7,0,0,1,629,620,0,629,21,629,1,1,1,1,1,2,3,0,1,1,4,6,1,2,2,0,2,2,0,0,2,0,1,35,0,0,4420,4579,163,145,99,102,70.7872340425532,0.00709219858156028,0.822695035460993,1.54609929078014
"36",440,6,4,0,0,1,110,13,50,10,13,3,4,3,8,6,0,7,1,1,1,955,955,0,834,34,834,1,1,1,1,1,2,5,0,0,1,11,2,1,30,150,180,30,150,180,0,90,0,42,10,5,8,22040,26105,273,159,60,103,75,0.02,0.873333333333333,1.46
"37",441,5,4,0,0,1,57,3,36,0,6,3,1,2,5,1,0,6,1,1,1,96,96,0,184,61,184,1,1,1,1,1,2,2,0,1,1,40,3,1,0,30,30,0,30,30,0,30,30,1,35,1,0,5326,9854,136,169,128,126,64.2131147540984,0.0245901639344262,0.901639344262295,1.42622950819672
"38",442,6,4,0,0,1,121,5,50,21,21,4,4,5,6,2,3,9,1,1,2,2160,350,711,350,45,350,1,1,1,1,1,2,4,0,1,1,9,3,1,6,9,7,6,9,7,7,7,7,1,68,164,132,17463,14410,854,727,282,268,89.2857142857143,0,0.64,1.49142857142857
"39",443,6,4,0,0,1,63,7,29,2,3,2,4,4,8,4,0,6,0,0,9,1500,900,600,1374,17,1374,1,1,1,1,1,2,1,0,1,1,50,192,1,15,22,10,16,26,11,0,45,0,46,460,13,9,2957,2270,215,138,204,131,40.8441558441558,0,0.922077922077922,1.33766233766234
"40",444,6,4,0,0,1,69,8,30,0,6,3,6,3,9,4,0,7,1,2,1,2082,2082,0,850,22,850,1,1,1,1,1,2,4,0,1,1,10,8,1,0,15,20,0,20,17,0,12,18,20,200,13,16,3223,1858,144,210,112,181,70.7872340425532,0.00709219858156028,0.815602836879433,1.43262411347518
"41",445,4,4,0,0,2,59,23,18,1,5,2,2,3,2,3,0,3,0,0,9,160,160,0,320,8,320,1,1,1,1,1,1,1,0,1,1,9,9,1,30,30,30,30,30,30,30,30,30,14,130,0,0,85,72,85,72,31,32,42.5,0,0.779411764705882,1.35294117647059
"42",446,6,4,0,0,1,96,11,35,14,9,5,4,5,12,1,0,8,1,1,7,1113,1113,0,3129,17,3129,1,1,1,1,1,2,6,0,1,1,7,2,1,280,224,24,0,224,24,280,224,0,1,10,1,4,195,226,104,162,76,133,89.2857142857143,0,0.628571428571429,1.58285714285714
"43",447,5,4,0,0,1,60,10,29,0,5,2,2,2,9,1,0,1,0,0,3,2257,2257,0,1044,36,1044,1,1,1,1,1,1,7,0,1,1,90,4,1,0,210,90,0,210,90,0,210,0,27,281,8,4,45818,25654,122,73,97,61,75,0,0.506666666666667,1.66666666666667
"44",448,5,4,0,0,1,86,10,31,10,6,6,3,3,13,1,3,0,0,0,7,1378,1022,356,1117,34,1117,1,1,1,1,1,2,3,0,1,1,12,12,1,300,180,0,300,180,0,1,180,0,0,0,8,21,1200,900,165,172,92,83,75,0,0.453333333333333,1.74666666666667
"45",449,3,4,0,0,1,124,7,60,2,23,3,5,2,17,3,2,8,1,1,8,1016,1016,0,3302,48,3302,1,1,1,1,1,1,3,0,1,1,45,40,1,2,240,125,0,240,125,0,240,0,1,11,22,7,37194,25703,705,309,685,309,75,0,0.733333333333333,1.54
"46",450,5,4,0,0,1,161,7,63,43,20,5,6,5,10,2,0,6,1,1,1,16229,1730,720,2135,81,2135,1,1,1,1,1,1,2,0,1,1,20,7,1,300,500,330,0,240,330,0,150,180,1,10,17,13,47382,19522,442,289,442,289,75,0.02,0.786666666666667,1.6
"47",451,5,4,0,0,1,96,8,64,0,10,4,4,1,4,1,0,2,0,0,1,10011,1700,411,5100,45,5100,1,1,1,1,1,2,3,0,1,1,10,0,1,0,20,20,0,20,20,0,20,0,7,70,9,8,98,127,98,127,74,102,75,0,0.586666666666667,1.62666666666667
"48",452,5,4,0,0,2,145,11,50,35,14,3,7,4,11,7,3,6,0,0,1,974,945,0,1065,22,1065,1,1,1,1,1,2,2,0,1,1,8,7,1,20,30,70,0,70,70,0,80,100,10,1800,23,42,16300,32100,317,396,303,383,75,0.00666666666666667,0.853333333333333,1.48666666666667
"49",453,6,4,0,0,2,151,9,52,29,16,3,5,7,11,5,14,6,1,2,1,1545,1538,0,935,24,935,1,1,1,1,1,1,5,0,1,1,38,38,1,30,30,30,30,30,30,30,30,30,11,583,22,8,9075,8233,206,189,206,189,75,0.0133333333333333,0.933333333333333,1.7
"50",454,6,4,0,0,3,152,8,47,3,30,8,12,6,20,1,17,8,0,0,9,290,290,0,858,45,858,1,1,1,1,1,2,1,0,1,1,4,3,1,8,10,3,8,10,3,8,10,3,1,10,30,28,688,571,407,339,397,329,89.2857142857143,0,0.605714285714286,1.13714285714286
"51",455,6,4,0,0,1,65,4,20,4,11,2,6,3,14,1,0,5,1,2,9,1207,303,0,606,22,606,1,1,1,1,1,1,2,0,1,1,9,5,1,210,220,90,210,250,90,210,250,90,10,1000,16,14,64580,56265,247,218,127,132,75,0.0266666666666667,0.793333333333333,1.34666666666667
"52",456,5,4,0,0,1,63,4,25,7,10,2,4,2,8,1,0,5,1,1,9,2604,1500,0,1150,17,1150,1,1,1,1,1,1,1,0,1,1,10,3,1,190,190,0,190,190,0,190,190,0,23,278,0,0,0,0,0,0,0,0,48.6304347826087,0.0326086956521739,1.18478260869565,1.16304347826087
"53",457,4,4,0,0,1,74,6,17,16,8,10,6,5,5,1,0,1,0,0,7,2300,1900,0,900,20,900,1,1,1,1,1,2,2,0,1,1,7,7,1,60,120,30,60,120,30,60,120,30,86,864,0,13,5096,3311,150,164,150,164,75,0,0.653333333333333,1.72
"54",458,4,4,0,0,3,49,2,17,5,2,2,4,2,10,5,0,3,0,0,1,627,569,0,591,8,591,1,1,1,1,1,2,2,0,1,1,10,1,1,60,240,0,60,240,0,0,120,0,67,0,0,1,8900,6757,33,50,4,4,35,0.0178571428571429,0.714285714285714,1.53571428571429
"55",459,5,5,0,0,0,66,6,23,11,5,3,3,4,9,2,0,6,1,1,1,936,936,0,836,30,836,1,1,1,1,1,2,1,0,1,1,11,1,1,60,120,60,60,120,60,0,120,0,126,0,18,4,23160,17420,190,213,190,213,66.5384615384615,0.0153846153846154,0.969230769230769,1.28461538461538
"56",460,6,4,0,0,1,71,6,24,12,5,5,3,3,5,6,2,6,1,2,1,756,528,228,330,40,330,1,1,1,1,1,1,1,0,1,1,8,3,1,120,15,0,120,150,0,0,150,0,105,0,5,15,11025,0,220,0,56,0,73.1038961038961,0.0909090909090909,1.35064935064935,1.38961038961039
"57",461,6,4,0,0,1,91,11,31,10,10,6,8,4,10,1,0,6,1,1,2,1015,815,200,557,47,557,1,1,1,1,1,2,2,0,1,1,9,200,1,120,210,60,120,210,60,120,210,60,16,216,3,2,34404,32766,159,90,105,60,75,0,0.533333333333333,1.60666666666667
"58",462,6,4,0,0,1,89,7,29,19,10,3,6,3,9,1,2,6,0,0,1,568,540,28,1165,27,1165,1,1,1,1,1,3,1,0,1,1,9,3,1,30,180,60,0,180,60,0,180,60,32,326,24,19,11545,10443,212,131,204,131,75,0,0.72,1.38666666666667
"59",463,5,4,0,0,1,105,12,61,0,8,6,4,2,9,3,0,6,1,2,1,3619,1361,2258,882,51,882,1,1,1,1,1,2,6,0,1,1,44,3,1,0,200,60,0,200,60,0,200,0,15,151,24,37,8192,7930,246,343,208,220,100,0,0.45,1.57
"60",464,4,4,0,0,1,59,4,32,3,5,3,1,1,9,1,0,5,0,0,7,600,600,0,559,55,559,1,1,1,1,1,1,4,0,1,1,44,11,1,3,100,0,3,100,0,0,100,0,1,10,5,8,23386,24738,51,51,51,51,75,0,0.78,1.36
"61",465,5,4,0,0,1,52,6,25,0,7,2,3,2,6,1,0,4,1,1,8,2600,856,1744,1667,20,1667,1,1,1,1,1,2,1,0,1,1,9,3,1,0,180,0,0,180,0,0,180,0,34,340,13,22,189,185,189,185,117,155,67.955223880597,0.0223880597014925,1.11940298507463,1.21641791044776
"62",466,5,4,0,0,1,68,3,46,0,6,2,2,2,4,3,0,6,1,1,9,1775,335,1440,320,63,320,1,1,1,1,1,1,2,0,1,1,4,3,1,0,30,0,0,30,0,0,30,0,3,36,7,18,2120,1930,131,130,131,118,72.5862068965517,0.0206896551724138,1.01379310344828,1.47586206896552
"63",467,2,4,0,0,1,35,4,16,2,1,2,1,1,3,1,4,2,1,1,8,187,152,0,304,65,304,1,1,1,1,1,1,1,0,1,1,10,1,1,30,30,0,30,30,0,0,30,0,65,650,26,13,645,447,160,168,110,139,44.8904109589041,0.0273972602739726,1.12328767123288,1.47945205479452
"64",468,6,4,0,0,1,147,12,51,11,31,4,9,8,19,2,0,8,0,0,9,1387,1387,0,1437,74,1437,1,1,1,1,1,2,7,0,1,1,40,4,1,28,0,30,25,0,27,28,0,26,64,340,14,28,35246,15311,427,656,119,95,75,0.0266666666666667,0.866666666666667,1.38666666666667
"65",469,5,4,0,0,1,99,8,37,16,8,4,6,4,15,1,0,9,0,0,1,900,579,0,616,17,616,1,1,1,1,1,2,6,0,1,1,40,10,1,25,0,28,26,0,27,28,0,28,73,660,28,23,2938,2690,344,245,251,198,75,0.02,0.946666666666667,1.56
"66",470,5,4,0,0,1,80,4,39,10,4,2,4,4,8,5,0,7,1,1,1,1209,1209,0,1459,10,1459,1,1,1,1,1,2,2,0,1,1,11,3,1,90,90,30,60,90,30,0,90,0,9,281,7,43,30345,33814,95,422,12,22,75,0.0133333333333333,0.786666666666667,1.49333333333333
"67",471,2,4,0,0,1,56,5,10,21,4,2,2,3,6,3,0,4,1,1,6,675,675,0,538,10,538,1,1,1,1,1,0,1,0,1,1,10,3,1,60,60,60,60,60,60,0,60,0,1,31,9,5,307,183,236,133,236,133,75,0.02,0.7,1.79333333333333
"68",472,2,4,0,0,1,43,4,16,3,2,1,1,1,11,4,0,2,0,0,7,346,346,0,731,45,731,1,1,1,1,1,1,1,0,1,1,14,3,1,30,60,0,0,60,0,0,60,0,1,10,9,1,110,58,56,32,48,16,39.2857142857143,0.038961038961039,0.662337662337662,1.32467532467532
"69",473,4,4,0,0,1,76,9,24,15,5,2,5,4,11,1,0,5,1,1,9,965,965,0,1431,46,1431,1,1,1,1,1,2,3,0,1,1,11,5,1,86,150,0,120,200,0,150,300,0,51,648,7,5,158,134,158,134,119,94,73.530612244898,0,0.877551020408163,1.3265306122449
"70",474,4,4,0,0,1,52,4,18,10,6,2,2,2,7,1,0,4,1,1,1,224,224,0,224,72,224,1,1,1,1,1,1,2,0,1,1,0,0,1,30,30,0,30,30,0,0,30,0,116,1160,1,0,2651,3477,124,155,65,90,75,0.0266666666666667,0.673333333333333,1.52666666666667
"71",475,5,4,0,0,1,108,7,30,37,11,3,3,3,12,2,0,7,1,1,7,510,510,0,765,102,765,1,1,1,1,1,2,7,0,1,1,18,0,1,30,30,30,30,30,30,0,30,30,33,330,1,3,33603,28239,151,87,101,53,75,0,0.546666666666667,1.74666666666667
"72",476,2,4,0,0,1,43,3,20,8,1,1,1,1,4,4,0,4,0,0,7,2160,430,0,430,15,430,1,1,1,1,1,2,5,0,1,1,7,3,1,30,60,0,30,60,0,0,60,0,1,33,1,0,249,288,96,71,46,32,28.5087719298246,0.0350877192982456,0.736842105263158,1.33333333333333
"73",477,6,4,0,0,1,101,5,40,17,9,4,4,3,14,5,0,1,1,1,1,806,556,0,1262,24,1262,1,1,1,1,1,1,1,0,1,1,3,3,1,1,30,0,0,30,0,0,30,0,1,124,32,35,14598,33207,261,278,219,203,89.2857142857143,0,0.44,1.56571428571429
"74",478,3,4,0,0,1,74,6,36,8,4,3,2,1,12,2,0,3,1,1,7,697,436,261,875,8,875,1,1,1,1,1,2,5,0,1,1,9,3,1,60,360,60,120,360,60,0,360,0,7,70,2,8,30621,26018,65,87,49,65,75,0,0.613333333333333,1.53333333333333
"75",479,5,4,0,0,1,112,8,71,0,11,5,1,2,13,1,0,9,1,1,1,1126,1089,37,4356,55,4356,1,1,1,1,1,2,5,0,1,1,9,3,1,0,270,210,0,270,210,0,270,210,4,40,20,20,23047,18423,192,159,142,122,89.2857142857143,0,0.48,1.66857142857143
"76",480,5,4,0,0,1,95,4,53,10,7,2,4,4,7,4,0,5,0,0,7,2475,2475,0,924,18,924,1,1,1,1,1,2,1,0,0,1,11,1,1,30,30,30,30,30,30,0,30,30,43,445,20,51,26374,25360,191,296,125,109,71.2253521126761,0.00704225352112676,1.22535211267606,1.21830985915493
"77",481,6,4,0,0,1,139,5,30,63,8,2,5,3,12,5,6,5,0,0,7,160,140,0,379,50,379,1,1,1,1,1,1,4,0,0,1,9,1,1,30,30,30,30,30,30,0,30,30,1,11,14,8,40185,25271,427,334,75,76,75,0,0.966666666666667,1.52666666666667
"78",482,6,4,0,0,1,177,3,65,55,14,4,11,4,12,4,5,5,0,0,9,2326,1110,1216,2220,22,2220,1,1,1,1,1,2,1,0,1,1,6,8,1,28,270,90,28,270,90,0,270,0,20,220,9,16,13423,5586,571,499,520,402,75,0,1.19333333333333,1.22666666666667
"79",483,6,4,0,0,1,127,5,54,28,11,3,8,4,10,4,0,5,0,0,1,660,660,0,804,15,804,1,1,1,1,1,2,1,0,1,1,11,3,1,30,30,24,30,30,24,0,30,0,243,2430,10,10,7542,6714,176,188,61,56,75,0.0133333333333333,1.14,1.28
"80",484,5,4,0,0,1,196,12,87,36,15,5,9,4,12,4,12,7,1,1,9,712,635,0,1382,20,1382,1,1,1,1,1,2,3,0,1,1,11,4,1,270,360,180,270,360,180,0,390,180,233,2332,10,13,34140,17976,355,266,278,164,75,0.0133333333333333,1.12,1.23333333333333
"81",485,6,4,0,0,1,127,9,38,44,8,3,6,2,10,5,2,5,1,1,1,1100,1100,0,879,17,879,1,1,1,1,1,2,3,1,0,1,11,1,1,30,30,30,30,30,30,0,30,30,64,700,2,6,13096,4879,159,128,111,48,75,0,1.23333333333333,1.28666666666667
"82",486,5,4,0,0,1,259,21,129,64,12,2,6,8,16,1,0,5,1,1,7,1890,1890,0,860,29,860,1,1,1,1,1,2,1,0,1,1,11,10,1,500,500,240,500,500,240,0,0,0,172,1734,45,27,5563,3246,230,344,197,267,89.2857142857143,0,1.30857142857143,1.35428571428571
"83",487,6,4,0,0,1,191,27,36,62,13,3,8,2,17,7,16,7,0,0,1,476,476,0,778,52,778,1,1,1,1,1,2,3,0,1,1,9,3,1,30,30,30,30,30,30,0,30,30,26,296,52,42,75633,57873,434,418,156,120,75,0.00666666666666667,0.826666666666667,1.58
"84",488,6,4,0,0,2,77,4,37,0,9,2,7,3,11,4,0,6,1,1,1,645,645,0,602,20,602,1,1,1,1,1,2,5,0,1,1,20,20,1,0,30,30,0,30,30,0,30,0,41,471,5,5,16200,12150,205,345,29,35,75,0,0.8,1.44
"85",489,4,4,0,0,1,57,6,12,10,8,2,2,4,9,4,0,5,1,2,1,1999,1999,0,645,25,645,1,1,1,1,1,1,2,0,1,1,10,5,1,26,30,26,26,30,26,0,30,0,77,770,2,7,12490,10579,198,226,152,175,55.4761904761905,0.00952380952380952,1.3047619047619,1.16190476190476
"86",490,6,4,0,0,1,90,4,39,6,14,3,4,3,11,1,5,6,1,1,1,1360,1000,200,1390,35,1390,1,1,1,1,1,2,1,0,1,1,6,2,1,30,30,0,0,30,0,0,30,0,3,110,6,2,12811,3623,389,260,323,199,75,0.0133333333333333,0.913333333333333,1.38666666666667
"87",491,5,4,0,0,1,97,7,49,12,12,2,1,2,11,1,0,7,1,1,7,1918,1534,200,1500,54,1500,1,1,1,1,1,2,6,0,1,1,12,3,1,30,90,0,0,90,30,0,90,0,1,42,22,51,52635,41092,518,671,515,671,75,0,0.76,1.38
"88",492,5,4,0,0,1,68,7,30,4,6,2,5,4,9,1,0,5,1,1,1,2582,1999,0,1327,33,1327,1,1,1,1,1,2,5,0,1,1,25,6,1,24,140,28,0,0,0,0,0,0,41,452,18,17,37840,29645,183,198,93,119,75,0.02,0.42,1.8
"89",493,4,4,0,0,4,80,4,12,10,19,2,15,5,7,6,0,3,0,0,7,660,510,150,510,42,510,1,1,1,1,1,2,6,0,1,1,32,27,1,6,2,3,6,2,3,6,2,3,3,75,36,37,12940,9580,263,310,263,310,75,0,0.493333333333333,1.93333333333333
"90",494,5,4,0,0,1,108,22,37,4,12,4,6,5,16,1,1,7,0,0,1,369,369,0,983,46,983,1,1,1,1,1,2,5,1,1,1,7,7,1,30,30,30,30,30,30,0,30,30,64,640,18,18,46,39,46,39,46,39,75,0.0133333333333333,0.8,1.32666666666667
"91",495,5,4,0,0,2,106,16,23,20,18,2,6,4,14,3,0,6,1,1,9,318,318,0,646,43,646,1,1,1,1,1,2,2,0,1,1,18,3,1,30,30,30,30,30,30,30,30,30,1,45,40,25,61,3,61,3,61,3,75,0.0133333333333333,0.68,1.47333333333333
"92",496,6,4,0,0,1,151,22,41,37,23,4,5,4,14,1,0,7,0,0,9,4676,3763,913,2850,71,2850,1,1,1,1,1,1,6,0,1,1,108,3,1,30,30,30,0,30,30,30,30,30,79,790,17,13,339,350,339,350,257,176,89.2857142857143,0.0114285714285714,0.845714285714286,1.44571428571429
"93",497,5,4,0,0,1,132,5,97,0,6,2,3,3,11,5,0,5,1,1,1,1120,700,420,1060,44,1060,1,1,1,1,1,2,9,0,1,1,80,3,1,0,30,30,0,30,30,0,30,30,3,80,48,30,13620,12900,382,235,382,235,75,0,0.52,1.63333333333333
"94",498,5,4,0,0,1,140,10,90,0,9,5,4,4,17,1,0,6,1,1,7,289,240,49,810,35,810,1,1,1,1,1,2,1,0,1,1,75,3,1,0,11,1,0,11,1,0,11,1,5,100,42,26,13416,3996,384,341,384,341,89.2857142857143,0,0.702857142857143,1.59428571428571
"95",499,6,4,0,0,1,146,6,38,11,24,4,15,6,14,1,27,7,1,1,9,728,342,0,734,37,734,1,1,1,1,1,2,4,0,1,1,8,3,1,60,150,60,60,150,0,0,150,0,35,350,68,52,53225,27413,493,433,308,272,89.2857142857143,0.0114285714285714,0.708571428571429,1.42285714285714
"96",500,1,4,0,0,1,30,4,11,6,2,1,0,1,4,1,0,3,1,1,9,531,531,0,367,48,367,1,1,1,1,1,1,5,0,1,1,11,2,1,30,30,30,30,30,30,0,30,30,5,50,0,0,13306,8624,9,5,8,3,41.7894736842105,0.0657894736842105,0.710526315789474,1.19736842105263
"97",501,4,4,0,0,1,55,7,21,5,4,2,3,4,8,1,0,4,1,1,9,2369,238,2131,331,30,331,1,1,1,1,1,1,4,0,1,1,10,0,1,25,0,30,28,0,30,25,0,30,38,245,5,4,6455,3525,83,90,10,19,33.0645161290323,0.0161290322580645,1.43548387096774,1.5
"98",502,5,4,0,0,2,69,9,26,4,6,3,3,3,10,5,0,7,0,0,1,2794,745,2049,745,35,745,1,1,1,1,1,1,2,0,1,1,18,18,1,1,10,0,0,10,0,0,10,0,0,0,1,1,28883,7723,116,112,101,79,75,0,0.413333333333333,1.60666666666667
"99",503,6,4,0,0,1,101,14,42,0,11,8,6,3,3,6,8,5,1,1,3,3619,1300,0,1200,45,1200,1,1,1,1,1,2,2,0,1,1,7,4,1,0,30,6,0,30,6,0,30,6,11,110,38,28,74184,20729,257,192,257,192,165.909090909091,0,0.330909090909091,1.79636363636364
"100",504,6,4,0,0,1,105,18,43,5,10,4,6,2,10,7,0,5,1,1,1,300,300,0,1035,42,1035,1,1,1,1,1,2,1,0,1,1,8,3,1,0,180,0,30,180,60,30,210,60,1,19,8,12,11769,9182,256,261,185,206,75,0,0.44,1.69333333333333
"101",505,4,4,0,0,1,118,6,44,20,11,4,4,3,14,8,4,6,0,0,9,900,900,0,820,63,820,1,1,1,4,1,2,2,1,1,1,12,36,1,90,90,90,30,90,30,0,30,0,1,20,29,11,41653,30954,572,513,572,513,75,0,0.533333333333333,1.63333333333333
"102",506,5,4,0,0,2,97,5,28,18,15,2,9,3,8,7,2,6,1,1,1,1500,1500,0,652,24,652,1,1,1,1,1,1,2,0,1,1,8,8,1,26,30,0,26,30,0,0,30,0,55,654,30,21,236,308,236,308,189,242,75,0,1.63333333333333,1.2
"103",507,6,4,0,0,1,103,6,36,22,12,4,0,3,13,7,0,8,0,0,1,8155,1948,0,1325,24,1325,1,1,1,1,1,1,2,0,1,1,9,2,1,26,30,0,26,30,0,0,30,0,21,292,13,38,8214,4490,359,459,244,380,75,0,1.16666666666667,1.36
"104",508,6,4,0,0,1,74,6,34,6,7,2,4,4,8,3,0,6,1,1,1,777,777,0,1154,45,1154,1,1,1,1,1,2,3,0,1,1,10,3,1,30,240,60,30,240,60,0,240,60,23,0,18,16,484,526,306,286,306,286,75,0.00666666666666667,1.01333333333333,1.20666666666667
"105",509,6,4,0,0,2,67,4,37,0,8,2,5,2,8,1,0,5,1,1,9,547,547,0,400,20,400,1,1,1,1,1,2,4,0,1,1,3,4,1,0,180,78,0,180,78,0,180,0,5,150,23,24,25711,23929,436,525,299,451,75,0.00666666666666667,1.16666666666667,1.40666666666667
"106",510,6,4,0,0,1,66,5,25,9,7,3,7,3,6,1,0,5,0,0,6,200,200,0,420,20,420,1,1,1,1,1,2,2,0,1,1,9,0,1,30,150,0,30,150,0,0,90,0,28,1300,15,20,729,497,286,225,286,225,70.3571428571429,0.0214285714285714,1.27142857142857,1.12857142857143
"107",511,6,4,0,0,1,88,5,38,11,10,3,5,1,14,1,0,6,0,0,1,2330,1730,600,2330,56,2330,1,1,1,1,1,2,5,0,1,1,9,3,1,30,240,120,30,240,120,0,240,120,111,0,9,23,1310,1120,222,324,222,324,75,0.02,1.07333333333333,1.35333333333333
"108",512,5,3,0,1,0,89,3,61,0,5,2,6,3,6,3,0,5,1,1,1,1303,683,620,1366,23,1366,1,1,1,1,1,2,3,0,1,1,35,0,1,0,0,7,0,0,7,0,0,7,35,270,7,4,13636,18810,454,529,295,429,75,0.0666666666666667,1.2,1.07333333333333
"109",513,4,4,0,0,1,26,2,16,0,2,1,1,1,1,2,0,7,1,1,2,591,429,162,1287,87,1287,1,1,1,1,1,2,2,0,1,1,9,3,1,0,30,0,0,30,0,0,30,0,18,208,0,1,17490,20619,113,101,92,78,63.3389830508475,0.0677966101694915,1.32203389830508,1.02542372881356
"110",514,4,4,0,0,1,20,2,8,0,2,2,1,2,2,1,0,4,1,2,6,284,284,0,305,84,305,1,1,1,3,1,1,1,1,1,1,22,110,1,0,4,0,0,6,0,0,6,0,23,270,0,0,0,1012,0,56,0,56,28.0357142857143,0.160714285714286,1.10714285714286,1.25
"111",515,4,4,0,0,1,28,2,10,0,8,2,2,1,2,1,0,5,1,2,1,127,127,0,230,47,230,1,1,1,1,1,1,1,0,1,1,11,3,1,0,13,0,0,15,0,0,18,0,32,491,0,0,0,0,0,0,0,0,61.0168067226891,0.0756302521008403,1.43697478991597,1.39495798319328
"112",516,4,4,0,0,1,18,2,5,0,0,2,2,2,3,2,0,5,1,1,6,130,130,0,130,20,130,1,1,1,1,1,1,2,0,1,1,46,3,1,0,17,0,0,20,0,0,20,0,22,388,0,0,1557,1226,15,18,0,0,17.4,0.0666666666666667,0.866666666666667,1.33333333333333
"113",517,6,3,0,1,0,31,2,16,0,2,3,2,2,2,2,0,0,0,0,9,486,486,0,468,63,468,1,1,1,1,1,2,1,1,1,1,8,0,1,0,30,30,0,30,30,0,30,0,9,94,1,0,9014,6637,28,14,19,9,43.5714285714286,0.0317460317460317,0.936507936507937,1.31746031746032
"114",518,2,4,0,0,1,36,4,18,0,5,2,2,2,2,1,0,3,1,1,9,209,209,0,180,10,180,1,1,1,3,1,1,1,0,1,1,3,0,1,0,30,0,0,30,0,0,30,0,26,260,3,2,25040,17410,42,44,31,36,36.4814814814815,0.0185185185185185,1.11111111111111,1.22222222222222
"115",519,6,4,0,0,1,36,4,16,0,6,3,2,2,2,1,0,6,1,1,1,528,260,0,680,37,680,1,1,1,1,1,2,1,0,1,1,11,1,1,0,150,0,0,150,0,0,150,0,26,275,3,2,11920,7057,277,174,155,67,70.3571428571429,0.0857142857142857,1.05714285714286,1.12857142857143
"116",520,3,4,0,0,2,26,1,12,4,2,2,2,1,1,1,0,4,1,1,8,459,459,0,360,48,360,1,1,1,1,1,1,0,0,1,1,11,3,1,60,90,0,60,90,0,60,90,0,73,793,2,1,42748,32211,34,37,10,21,75,0.0666666666666667,1.46,1.19333333333333
"117",521,2,4,0,0,1,11,0,4,0,2,0,1,1,2,1,0,1,0,0,1,333,139,194,293,16,293,1,1,1,1,1,2,1,0,1,1,5,3,1,0,60,0,0,60,0,0,0,0,1,50,0,0,4106,2830,4,6,3,4,6,0,0.166666666666667,1.16666666666667
"118",522,4,4,0,0,1,18,0,8,0,2,2,2,1,2,1,0,6,1,2,9,343,343,0,530,22,530,1,1,1,1,1,2,3,0,1,1,10,0,1,0,180,0,0,180,0,0,180,0,3,168,0,14,0,451,0,42,0,42,23,0.0652173913043478,0.91304347826087,1.56521739130435
"119",523,3,4,0,0,3,32,1,16,0,3,2,2,1,5,2,0,5,1,1,1,320,320,0,376,7,376,1,1,1,1,1,2,4,0,1,1,4,3,1,0,90,1,0,90,0,0,90,0,13,350,4,7,13131,11149,16,116,6,35,69.1167883211679,0.0948905109489051,0.737226277372263,1.54014598540146
"120",524,4,4,0,0,1,64,2,21,18,4,2,4,2,5,6,0,6,1,1,1,442,442,0,402,40,402,1,1,1,1,1,2,3,0,1,1,9,0,1,240,240,0,240,240,0,0,240,0,64,0,9,7,88820,64373,230,142,35,0,64.7258064516129,0.0241935483870968,1,1.29838709677419
"121",525,5,4,0,0,1,17,1,6,0,2,2,2,1,2,1,0,3,0,0,1,330,304,0,304,71,304,1,1,1,1,1,1,1,0,1,1,8,3,1,0,15,15,0,7,7,0,8,7,3,33,1,0,14,17,10,13,10,13,32.2272727272727,0.136363636363636,1.5,1.04545454545455
"122",526,5,4,0,0,1,38,2,18,3,4,2,2,2,3,2,0,3,1,1,1,547,547,0,596,40,596,1,1,1,1,1,2,1,1,1,1,11,3,1,90,240,0,90,240,0,0,240,0,13,158,1,3,7342,5059,25,72,25,72,48.3617021276596,0.0638297872340425,1.14893617021277,1.29787234042553
"123",527,3,4,0,0,1,20,1,9,0,2,2,2,1,2,1,0,4,1,1,1,555,555,0,227,51,227,1,1,1,1,1,1,1,0,1,1,10,3,1,0,60,0,0,60,0,0,30,0,1,17,3,4,103,78,54,63,54,63,18.5714285714286,0.107142857142857,0.535714285714286,1.21428571428571
"124",528,2,4,0,0,1,16,1,5,0,2,2,2,1,2,1,0,5,0,0,1,618,618,0,280,19,280,1,1,1,1,1,1,1,0,1,1,44,0,1,0,90,30,0,90,30,0,90,0,1,35,2,1,2736,1341,5,9,5,9,10,0,1,1.5625
"125",529,1,4,0,0,1,10,1,2,1,1,1,1,1,1,1,0,3,1,1,1,427,427,0,261,42,261,1,1,1,1,1,2,0,0,1,0,2,4,1,60,30,30,0,30,30,60,30,0,3,30,0,0,958,1793,1,3,1,3,10.8823529411765,0,1,1.17647058823529
"126",530,3,4,0,0,1,20,1,5,0,4,2,2,1,2,1,2,0,0,0,7,1446,1446,0,425,24,425,1,1,1,1,1,2,1,0,1,1,40,3,1,0,60,60,0,60,60,0,30,0,7,83,0,0,3915,3157,75,77,32,31,32.5,0.09375,0.859375,0.890625
"127",531,4,4,0,0,2,18,0,8,2,3,1,1,1,1,1,0,3,0,0,9,983,322,660,322,72,322,1,1,1,1,1,2,1,0,1,1,22,2,1,30,30,0,30,30,0,30,30,0,7,77,0,0,11489,6023,35,28,35,28,67.955223880597,0.0298507462686567,1.53731343283582,1.43283582089552
"128",532,5,4,0,0,1,23,1,6,2,2,0,4,1,0,3,4,5,1,1,1,285,285,0,306,38,306,1,1,1,1,1,1,2,0,1,1,15,3,1,2,60,30,0,60,30,0,60,30,0,0,0,0,5223,3591,19,20,19,20,30.9016393442623,0.0655737704918033,1.18032786885246,1.37704918032787
"129",533,1,4,0,0,1,10,2,2,0,1,1,1,1,1,1,0,0,1,1,1,396,256,140,256,28,256,1,1,1,1,1,1,0,0,0,0,5,2,1,0,30,0,0,30,0,0,30,0,5,65,0,0,4263,3367,0,0,0,0,10.1578947368421,0.0526315789473684,1.73684210526316,1.31578947368421
"130",534,6,3,0,1,0,63,2,36,2,4,2,3,2,2,5,5,8,1,1,1,294,294,0,1470,6,1470,1,1,1,1,1,2,4,1,1,1,10,3,1,30,30,0,30,30,0,30,30,0,170,1870,13,13,31484,25067,424,522,191,146,75,0.0133333333333333,0.993333333333333,1.34
"131",535,2,4,0,0,1,24,1,16,0,2,1,1,1,1,1,0,2,0,0,1,350,350,0,476,25,476,1,1,1,1,1,2,1,0,0,0,15,3,1,0,30,0,0,30,0,0,30,0,6,217,7,5,2226,47783,53,61,5,14,63.75,0.0416666666666667,1.61666666666667,1.19166666666667
"132",536,5,4,0,0,1,36,2,20,0,5,2,2,2,2,1,0,5,0,0,1,3048,3048,0,818,39,818,1,1,1,1,1,2,5,0,0,1,11,1,1,0,30,0,0,30,0,0,30,0,17,170,10,2,71498,46425,197,82,129,67,75,0.26,1.50666666666667,1.20666666666667
"133",538,5,4,0,0,5,30,2,13,2,3,2,2,2,3,1,0,4,1,2,9,650,450,200,600,51,600,1,1,1,1,1,2,1,0,1,1,6,3,1,0,90,90,90,90,0,90,90,0,16,164,2,2,12955,3942,52,26,27,5,75,0.0533333333333333,0.813333333333333,1.44
"134",539,5,4,0,0,1,16,1,4,0,2,2,2,2,2,1,0,2,0,0,7,380,380,0,320,28,320,1,1,1,1,1,0,1,0,1,1,44,4,1,0,30,0,0,30,0,0,30,0,4,44,1,0,2016,453,7,6,2,2,73.0547945205479,0.0136986301369863,1.02054794520548,1.25342465753425
"135",540,2,4,0,0,5,20,1,2,4,2,1,2,1,1,2,4,1,1,2,1,609,609,0,260,17,260,1,1,1,1,1,2,1,0,1,1,5,3,1,60,30,0,60,30,0,0,30,0,0,0,0,0,2681,1107,9,1,7,0,2,0.25,3,0.25
"136",541,5,4,0,0,3,33,5,3,0,3,2,3,2,14,1,0,5,0,0,9,280,260,20,1040,76,1040,1,1,1,1,1,2,2,0,1,1,12,3,1,0,30,0,0,30,0,0,31,0,12,120,1,0,23,54,23,54,16,34,63.3389830508475,0.0508474576271186,1.14406779661017,1.52542372881356
"137",542,1,4,0,0,2,19,1,4,2,2,1,2,1,3,3,0,1,1,2,9,198,198,0,273,70,273,1,1,1,3,1,1,0,0,1,1,7,3,1,60,30,0,60,30,0,0,30,0,0,0,0,0,570,612,1,4,1,1,1,0,0,1
"138",543,5,4,0,0,2,29,2,16,0,2,2,2,2,2,1,0,1,1,1,8,96,96,0,192,44,192,1,1,1,1,1,1,1,0,1,1,15,4,1,0,30,0,0,30,0,0,30,0,7,112,3,1,16,6,16,6,15,4,69.1167883211679,0.0437956204379562,0.598540145985402,1.62773722627737
"139",544,4,4,0,0,9,39,4,8,4,6,1,2,4,7,3,0,1,1,2,1,638,582,0,416,20,416,1,1,1,1,1,2,1,0,1,1,10,3,1,60,60,0,60,60,0,0,60,0,11,0,9,8,20870,16687,122,218,42,52,51.5238095238095,0.0476190476190476,0.869047619047619,1.27380952380952
"140",545,3,4,0,0,2,44,8,21,0,5,1,2,1,5,1,0,5,0,0,1,1267,1267,0,649,42,649,1,1,1,1,1,2,3,0,1,1,3,3,1,0,1,0,0,1,0,0,1,0,12,6,1,1,405,376,100,14,0,0,75,0.0133333333333333,1.02666666666667,1.44666666666667
"141",546,5,4,0,0,2,41,5,20,0,4,2,2,2,4,2,0,5,1,2,1,1930,1062,530,532,38,532,1,1,1,1,1,2,1,0,1,1,35,10,1,0,1,0,0,1,0,0,1,0,1,27,0,0,13591,11687,376,312,0,257,75,0.02,1.26,1.49333333333333
"142",547,4,4,0,0,1,36,1,20,0,6,1,1,1,4,2,0,4,1,1,1,240,240,0,540,27,540,1,1,1,1,1,1,5,0,0,1,10,3,1,0,30,30,0,30,30,0,30,30,32,764,2,4,18479,37791,98,179,82,158,63.5378151260504,0.0504201680672269,1.60504201680672,1.23529411764706
"143",548,4,4,0,0,3,16,1,4,0,2,2,2,1,3,1,0,3,0,0,1,340,340,0,610,44,610,1,1,1,1,1,1,1,0,1,1,1,22,1,0,30,0,0,30,0,0,30,0,4,40,0,0,0,0,0,0,0,0,20.7647058823529,0.117647058823529,0.647058823529412,1.32352941176471
"144",549,4,4,0,0,1,26,0,15,0,2,2,1,1,3,2,0,5,1,1,1,157,157,0,175,70,175,1,1,1,1,1,1,1,0,1,0,5,0,1,0,30,0,0,30,0,0,30,0,1,14,0,1,180,135,180,125,180,105,53.1698113207547,0.132075471698113,1.15094339622642,1.28301886792453
"145",550,1,3,0,1,0,17,0,4,4,2,2,1,1,2,1,0,4,1,1,1,1061,367,693,417,57,417,1,1,1,3,1,1,1,0,1,1,25,5,1,30,30,0,30,30,0,30,30,0,0,0,0,1,4,31,4,31,4,31,7.46153846153846,0,0.230769230769231,1.38461538461538
"146",551,1,4,0,0,1,6,0,2,0,1,1,0,0,1,1,0,0,0,0,10,65,65,0,162,30,162,1,0,0,1,1,1,0,0,0,0,0,0,1,0,30,0,0,30,0,0,30,0,0,0,0,0,1,72,1,0,1,0,1.66666666666667,0,0.333333333333333,1
"147",552,3,3,0,3,0,14,1,2,0,4,2,0,2,2,1,0,4,1,1,1,177,177,0,354,43,354,1,1,1,1,1,1,1,0,1,1,3,1,1,0,25,0,0,25,0,0,25,0,2,34,0,0,9,5,6,5,0,0,39.4262295081967,0.0819672131147541,0.983606557377049,1.26229508196721
"148",1286,6,4,0,0,1,17,2,0,0,1,0,7,1,2,1,3,1,1,1,1,225,225,0,900,39,900,1,1,1,1,1,0,5,0,1,1,0,0,0,0,0,0,0,0,0,0,0,0,0,0,0,0,0,0,0,0,0,0,0,0,0,0
"149",1288,6,1,0,0,0,8,3,0,0,0,0,3,0,0,1,1,0,0,0,7,49,49,0,49,40,49,1,1,1,1,1,0,4,0,1,1,0,0,0,0,0,0,0,0,0,0,0,0,0,0,0,0,0,0,0,0,0,0,0,0,0,0
"150",1289,3,3,0,7,0,54,7,8,31,4,0,0,0,2,2,0,0,1,1,7,90,90,0,90,80,90,1,1,1,1,1,0,4,0,1,1,0,0,0,0,0,0,0,0,0,0,0,0,0,0,0,0,0,0,0,0,0,0,0,0,0,0
"151",1290,3,4,0,0,2,4,0,3,0,0,0,0,0,0,1,0,0,0,0,8,850,850,0,850,20,850,1,1,1,1,1,0,0,0,0,0,0,0,0,0,0,0,0,0,0,0,0,0,0,0,0,0,0,0,0,0,0,0,0,0,0,0
"152",1291,4,4,0,0,1,19,5,4,0,0,0,4,0,5,1,0,0,0,0,1,1240,1240,0,1150,19,1150,1,1,1,1,1,2,2,0,1,0,0,0,0,0,0,0,0,0,0,0,0,0,0,0,0,0,0,0,0,0,0,0,0,0,0,0
"153",1292,6,4,0,0,1,18,3,0,0,0,0,7,3,4,1,0,0,1,1,6,449,449,0,556,27,556,1,1,1,1,1,1,1,0,1,1,0,0,0,0,0,0,0,0,0,0,0,0,0,0,0,0,0,0,0,0,0,0,0,0,0,0
"154",1293,3,4,0,0,1,20,4,0,0,0,0,9,0,6,1,0,0,1,1,1,271,271,0,509,32,509,1,1,1,1,1,1,3,0,1,1,0,0,0,0,0,0,0,0,0,0,0,0,0,0,0,0,0,0,0,0,0,0,0,0,0,0
"155",1294,6,3,0,1,0,58,7,6,32,6,0,0,0,2,5,0,0,1,1,10,1507,910,0,910,55,910,1,1,1,1,1,0,2,0,1,0,0,0,0,0,0,0,0,0,0,0,0,0,0,0,0,0,0,0,0,0,0,0,0,0,0,0
"156",1295,2,4,0,0,7,27,0,23,0,0,0,0,0,2,1,1,1,1,1,9,1537,414,1122,262,1,262,1,1,1,1,1,0,2,0,0,0,0,0,0,0,0,0,0,0,0,0,0,0,0,0,0,0,0,0,0,0,0,0,0,0,0,0
"157",1296,6,4,0,0,1,28,6,0,0,0,0,10,2,5,5,0,0,1,1,7,2977,2977,0,588,40,588,1,1,1,1,1,2,5,0,0,1,0,0,0,0,0,0,0,0,0,0,0,0,0,0,0,0,0,0,0,0,0,0,0,0,0,0
"158",1297,1,4,0,0,1,15,3,0,0,0,0,10,0,1,1,0,1,0,0,1,1562,300,0,330,17,330,1,1,1,1,1,0,2,0,1,1,0,0,0,0,0,0,0,0,0,0,0,0,0,0,0,0,0,0,0,0,0,0,0,0,0,0
"159",1298,1,5,0,0,0,5,0,0,0,0,0,0,0,5,0,0,0,0,0,7,10697,1150,0,404,47,404,1,1,1,1,1,0,0,0,0,0,0,0,0,0,0,0,0,0,0,0,0,0,0,0,0,0,0,0,0,0,0,0,0,0,0,0
"160",1299,6,4,0,0,1,21,3,0,0,0,0,15,0,2,1,0,0,0,0,1,8155,1547,0,727,15,727,1,1,1,1,1,0,3,0,1,1,0,0,0,0,0,0,0,0,0,0,0,0,0,0,0,0,0,0,0,0,0,0,0,0,0,0
"161",1377,5,3,0,7,0,58,2,54,0,0,0,0,0,1,1,0,0,1,1,7,1232,354,878,1062,15,1062,1,1,1,1,1,0,1,0,1,0,0,0,0,0,0,0,0,0,0,0,0,0,0,0,0,0,0,0,0,0,0,0,0,0,0,0
"162",1379,1,5,0,0,0,40,4,30,0,0,0,0,0,5,1,0,0,1,2,2,525,246,279,246,46,246,1,1,1,3,1,0,0,0,0,0,0,0,0,0,0,0,0,0,0,0,0,0,0,0,0,0,0,0,0,0,0,0,0,0,0,0
"163",1380,1,5,0,0,0,33,4,24,0,0,0,0,0,4,1,0,0,0,0,7,280,199,0,120,39,120,1,1,1,1,1,0,0,0,1,0,0,0,0,0,0,0,0,0,0,0,0,0,0,0,0,0,0,0,0,0,0,0,0,0,0,0
"164",1381,6,5,0,0,0,61,9,48,0,0,0,0,0,2,2,0,0,0,0,1,1754,420,1334,840,40,840,1,1,1,2,1,0,1,0,0,0,0,0,0,0,0,0,0,0,0,0,0,0,0,0,0,0,0,0,0,0,0,0,0,0,0,0
"165",1382,5,4,0,0,2,54,1,40,0,0,0,0,0,4,9,0,0,1,2,10,1235,1235,0,332,17,332,1,0,0,1,1,0,0,0,0,0,0,0,0,0,0,0,0,0,0,0,0,0,0,0,0,0,0,0,0,0,0,0,0,0,0,0
"166",1383,6,4,0,0,2,26,2,21,0,0,0,0,0,2,1,0,0,0,0,7,180,180,0,180,17,180,1,1,1,3,1,0,0,0,0,0,0,0,0,0,0,0,0,0,0,0,0,0,0,0,0,0,0,0,0,0,0,0,0,0,0,0
"167",1384,3,4,0,0,1,18,1,16,0,0,0,0,0,0,1,0,0,1,2,2,4500,180,0,180,25,180,1,1,1,1,1,0,0,0,1,0,0,0,0,0,0,0,0,0,0,0,0,0,0,0,0,0,0,0,0,0,0,0,0,0,0,0
"168",1385,1,4,0,0,3,34,2,29,0,0,0,0,0,2,1,0,0,1,2,10,396,396,0,246,28,246,1,1,1,1,1,0,0,0,1,0,0,0,0,0,0,0,0,0,0,0,0,0,0,0,0,0,0,0,0,0,0,0,0,0,0,0
"169",1386,4,3,0,1,0,25,0,23,0,0,0,0,0,1,1,0,0,1,1,2,95,95,0,190,10,190,1,1,1,1,1,0,1,0,0,0,0,0,0,0,0,0,0,0,0,0,0,0,0,0,0,0,0,0,0,0,0,0,0,0,0,0
"170",2004,2,4,0,0,9,15,1,4,0,1,1,2,1,4,1,0,2,0,0,1,876,876,0,530,20,530,1,1,1,1,1,1,1,0,0,1,10,2,1,0,10,0,0,10,0,0,10,0,5,70,0,0,261,740,8,4,4,4,5,0.111111111111111,1,1.22222222222222
"171",2005,5,4,0,0,1,75,6,30,6,11,2,6,3,10,1,0,5,1,1,10,296,296,0,240,15,240,1,1,1,1,1,1,4,0,1,1,9,9,1,30,30,30,30,30,30,0,30,30,64,640,4,7,27834,23811,193,179,0,55,75,0,0.826666666666667,1.36666666666667
"172",3001,3,4,0,0,1,51,5,20,0,5,3,3,2,6,6,1,5,1,1,7,200,200,0,480,10,480,1,1,1,1,1,0,2,0,1,1,9,20,1,0,120,0,0,120,0,0,120,0,25,250,0,4,1200,900,54,60,54,60,75,0,0.486666666666667,1.56
"173",3002,6,4,0,0,2,92,9,50,0,6,3,5,2,11,6,0,5,0,0,2,1196,441,755,836,6,836,1,1,1,1,1,2,1,0,1,1,10,5,1,0,210,75,0,180,75,0,210,75,13,156,16,8,28173,31519,281,247,175,158,89.2857142857143,0.0114285714285714,0.52,1.58857142857143
"174",3017,1,4,0,0,1,9,0,3,1,0,1,1,1,1,1,0,2,1,1,1,456,456,0,386,7,386,1,1,0,1,1,2,0,0,0,0,2,1,1,30,30,30,30,30,30,30,30,30,6,83,0,0,280,136,0,1,0,1,5,0,2,1.2
"175",3018,1,4,0,0,1,15,0,8,1,1,1,0,1,2,1,0,2,1,1,7,120,120,0,120,20,120,1,1,1,1,1,1,0,0,1,1,7,2,1,30,30,0,0,30,0,0,30,0,7,83,0,0,38,33,38,33,38,33,38.1076923076923,0.0461538461538462,1.07692307692308,1.27692307692308
"176",5010,6,4,0,0,2,105,3,65,8,9,3,2,2,8,5,0,7,1,2,2,850,850,0,530,67,530,1,1,1,1,1,2,2,0,1,1,9,3,1,31,30,31,30,30,31,30,30,30,1,130,5,5,83358,55717,258,260,190,209,75,0,0.96,1.4
"177",5059,1,4,0,0,5,12,1,2,0,2,1,2,1,2,1,0,1,0,0,9,600,600,0,520,7,520,1,1,1,1,1,2,0,0,1,1,2,3,1,0,10,0,0,10,0,0,10,0,3,30,0,0,124,0,0,0,0,0,0,0,0,0
"178",5060,1,4,0,0,3,12,1,0,3,1,1,1,1,3,1,0,1,0,0,1,792,792,0,217,10,217,1,1,1,1,1,1,0,0,0,1,1,4,1,10,0,0,10,0,0,10,0,0,14,143,0,0,0,416,0,1,0,0,3.4,0,5.4,1.2
"179",5061,1,4,0,0,1,11,1,0,4,1,1,1,1,1,1,0,0,0,0,9,451,451,0,400,102,400,1,1,1,3,1,0,0,0,0,0,5,5,1,30,0,0,30,0,0,30,0,0,0,0,0,0,0,1,0,1,0,1,1,0,0,1
"180",5062,1,4,0,0,5,10,0,2,0,1,1,1,1,2,2,0,3,0,0,1,510,510,0,284,10,284,1,1,1,1,1,2,0,0,0,1,5,1,1,0,10,0,0,10,0,0,10,0,1,10,0,0,0,2,0,0,0,0,2.5,0.25,1.25,1.25
"181",5064,1,4,0,0,2,7,0,2,1,1,0,0,1,1,1,0,1,0,0,7,540,540,0,450,27,450,1,1,1,3,1,1,0,0,0,0,2,2,1,10,30,0,10,10,0,10,10,0,1,10,0,0,0,0,0,0,0,0,0,0,0,0
"182",7008,4,4,0,0,1,54,5,19,5,5,2,4,3,10,1,0,3,0,0,1,257,257,0,500,5,500,1,1,1,1,1,2,1,0,1,1,12,3,1,15,21,0,11,20,0,18,25,0,31,316,1,2,15667,14094,39,73,36,73,17.5294117647059,0,1.11764705882353,1.23529411764706
"183",8102,5,4,0,0,1,65,10,22,0,14,3,5,5,5,1,0,5,0,0,9,3933,1400,0,1400,3,1400,1,1,1,8,1,1,0,0,0,0,3,2,1,0,220,220,0,220,220,0,220,220,36,402,13,6,196,196,196,196,0,0,69.8888888888889,0,1.01234567901235,1.1358024691358
